Models,RF,NB,LR
RF,0.0,0.25844043417460216,0.2688286608510355,
NB,0.25844043417460216,0.0,0.16274888459745618,
LR,0.2688286608510355,0.16274888459745618,0.0,
