Models,Logit,RF,NB
Logit,0.0,0.5454545454545454,0.7272727272727273,
RF,0.5454545454545454,0.0,0.36363636363636365,
NB,0.7272727272727273,0.36363636363636365,0.0,
